{"PM25": {"05:32 PM": 305.2707214355469, "06:32 PM": 387.22186279296875, "07:32 PM": 183.41123962402344, "08:32 PM": 311.22528076171875, "09:32 PM": 68.35600280761719}, "AQI": {"05:32 PM": 358.74599332729656, "06:32 PM": 418.07039176355323, "07:32 PM": 258.3895167445277, "08:32 PM": 363.05649644082223, "09:32 PM": 160.01207636013223}}