{"PM25": {"12:00 PM": 20.3435219, "01:00 PM": 22.08393011000001, "02:00 PM": 23.456817000000004, "03:00 PM": 21.817005400000006, "04:00 PM": 24.302965000000015}, "AQI": {"12:00 PM": 71.94800658174904, "01:00 PM": 75.19059222015211, "02:00 PM": 77.74844231939164, "03:00 PM": 74.6932800228137, "04:00 PM": 79.32491577946772}}